{
    "nb_www": 0.6710411198600175,
    "nb_hyperlinks": 144.32335958005248,
    "phish_hints": 0.04514435695538058,
    "ip": 0.03552055993000875,
    "length_words_raw": 5.162904636920385,
    "longest_word_path": 5.652843394575678,
    "ratio_digits_host": 0.00406680846631671,
    "domain_in_title": 0.6328958880139982,
    "nb_dots": 2.1972003499562556,
    "nb_hyphens": 1.2064741907261591,
    "nb_qm": 0.03394575678040245,
    "domain_age": 5093.938407699037,
    "nb_underscore": 0.2810148731408574,
    "nb_slash": 3.833595800524934,
    "nb_eq": 0.06019247594050744,
    "ratio_extHyperlinks": 0.25005067984286966,
    "ratio_digits_url": 0.021290304438670166,
    "nb_space": 0.03639545056867891,
    "longest_words_raw": 10.974103237095363,
    "length_hostname": 18.521959755030622
}