{
    "nb_www": 0.15049408376216888,
    "nb_hyperlinks": 0.10373541712760925,
    "phish_hints": 0.09684891998767853,
    "ip": 0.07950299233198166,
    "length_words_raw": 0.06573906540870667,
    "longest_word_path": 0.050315987318754196,
    "ratio_digits_host": 0.04152495414018631,
    "domain_in_title": 0.04046408459544182,
    "nb_dots": 0.03375064954161644,
    "nb_hyphens": 0.03226355090737343,
    "nb_qm": 0.03103022091090679,
    "domain_age": 0.030695777386426926,
    "nb_underscore": 0.020431507378816605,
    "nb_slash": 0.015476280823349953,
    "nb_eq": 0.014665670692920685,
    "ratio_extHyperlinks": 0.01413238886743784,
    "ratio_digits_url": 0.013651836663484573,
    "nb_space": 0.013528482988476753,
    "longest_words_raw": 0.013142479583621025,
    "length_hostname": 0.011448560282588005
}